D,V,N,Yield,HeatInput,Pitch,ToolVelocity
10.0,200.0,1000.0,404.4,5000.0,0.2,31415.926535897932
20.0,200.0,1000.0,381.7,40000.0,0.2,62831.853071795864
10.0,100.0,1000.0,353.7,10000.0,0.1,31415.926535897932
20.0,100.0,1000.0,406.2,80000.0,0.1,62831.853071795864
10.0,100.0,600.0,381.9,6000.0,0.16666666666666666,18849.55592153876
20.0,100.0,600.0,417.8,48000.0,0.16666666666666666,37699.11184307752
10.0,200.0,600.0,475.1,3000.0,0.3333333333333333,18849.55592153876
20.0,200.0,600.0,427.6,24000.0,0.3333333333333333,37699.11184307752
15.0,150.0,800.0,424.2,18000.0,0.1875,37699.11184307752
15.0,150.0,800.0,413.8,18000.0,0.1875,37699.11184307752
15.0,150.0,800.0,436.4,18000.0,0.1875,37699.11184307752
15.0,150.0,800.0,476.2,18000.0,0.1875,37699.11184307752
15.0,150.0,800.0,408.6,18000.0,0.1875,37699.11184307752
17.565971110200834,118.32555611230859,704.5155919853742,431.1603015866328,32272.198143794652,0.16795306939745494,38878.78156682687
15.980750574526654,159.85711637303532,926.1359460542658,404.12751616545455,23644.72599785542,0.172606534768567,46496.66313992786
17.947740671716463,145.8023629847867,779.9476321096051,436.36841823282606,30926.461945896463,0.186938657138326,43976.949652578354
12.77678042117926,185.36185913757652,793.8476581711292,457.62773440193274,8932.665776832277,0.23349802349308965,31864.600053494643
14.959130333065911,141.86653300443643,681.9411928851964,423.97814510553695,16091.1101457638,0.20803338247425598,32048.16321025587
10.558161109921818,156.04246970126883,863.8847276003313,426.62775892774044,6515.9513814907805,0.18062880927958772,28654.573829789184
10.138013889469017,156.17045916546172,785.7002680188617,442.2306040478924,5242.237101171004,0.1987659486985343,25024.16850959992
13.214057414842292,150.66096580052823,961.856065682405,384.3291427341887,14730.514278918497,0.15663566637035164,39929.709469981426
12.185782455604418,139.5972406613178,658.3396116814288,418.79754277326055,8533.622263891128,0.2120444193002153,25203.060407696208
12.466899573293952,117.81000641676512,955.1435323023812,380.95208281834033,15709.481195246472,0.12334272539414379,37409.07528212805
16.047149356588918,169.42426352230467,836.8856528918925,433.70149015048133,20411.936117135574,0.20244613220079974,42190.42401525795
18.155870612356843,196.11729215212546,898.3225883620721,427.5828136220295,27413.700849132158,0.2183149958521133,51238.83797012216
10.052486366419425,182.7399789091187,946.5916281106219,417.95105137317404,5261.98453058871,0.1930504913442601,29894.137283108223
18.32837205842717,115.62785844403993,855.6991289286477,434.65707180655176,45564.88563948841,0.1351267689015978,49271.394593194236
14.404292995068325,126.20086692561726,895.5715043788558,407.93770530338355,21208.686297373115,0.14091657261152674,40526.77879963398
10.264811209128476,189.640300510048,881.8882781542774,451.28786867075286,5029.627639101219,0.2150389172956808,28439.005747908857
19.51092558512756,155.74038960536333,693.977608362613,434.8040825339462,33096.176094569964,0.2244170240201566,42537.621551250595
15.593563463033,160.11675469146527,850.6008375078163,427.30862440057905,20143.045941736003,0.18823959209891317,41669.7649589452
13.315888995354342,193.3273172409577,633.135744451438,454.41940107731506,7732.3963435486785,0.3053489223049009,26486.030305821216
15.76844245579469,195.9533922722361,802.7486695546177,455.7667394134681,16061.762539448824,0.2441030420903161,39766.58203769709
16.327352628814033,178.7349436094039,614.6014679268309,425.78483414171086,14966.88573538684,0.29081437799410287,31525.300748070542
14.174404655147713,164.2713043755864,767.202226624031,440.87269775792487,13300.336533555268,0.21411734569441998,34163.67283741979
19.03426487705832,124.70157961681204,842.640116357428,437.22258839000864,46599.20441458675,0.14798913224767068,50388.115063198704
18.450115999910757,163.7161618890068,873.9248718805256,425.1327574011388,33525.853886921774,0.1873343660957031,50655.087891592884
12.711941419868255,188.20580222596737,657.223513452949,456.8092975031212,7173.246136770108,0.2863649859956527,26246.70852337267
14.707805107377684,197.65092939000107,824.0231583378524,456.7182416325963,13264.294499470861,0.23986089151752152,38074.75841262803
15.908335818541321,189.3189347695204,977.7118359551716,391.00005363786084,20791.75126924725,0.19363469665329974,48863.60397602221
15.402401023241463,127.7410195421075,913.685196330819,404.8767511131652,26135.54076351921,0.13980856870078495,44211.46314871518
18.204965175800517,108.86033041722257,803.7168116102939,442.5089678993374,44545.410152797456,0.13544612834353245,45966.64194753469
10.110709338105295,168.8679268979542,718.0587133169068,455.25647485249755,4394.987672289636,0.23517286785353206,22808.223222602595
15.602515602909463,124.80237087564225,772.8861322968866,429.8695476428533,23522.12512588861,0.16147575387948904,37884.36508526074
16.297630831070457,121.08418740824122,754.3330133440344,431.64545629948594,26968.023107944395,0.16051821313170797,38622.240491995304
12.503453361723613,195.0159086099149,625.2837251511864,458.53590172600474,6267.538635237771,0.31188387089838665,24561.61820484102
15.496486561754024,149.8120343295902,989.9066514060494,372.1152279155944,24589.3626973201,0.15133955723683573,48192.26730534998
18.7671906942959,127.15276968883923,706.6232527949064,434.8813538796455,36733.29619957498,0.1799442194775108,41661.70737960879
16.31669232240641,153.63321650969755,627.2458884143864,415.39715547008217,17735.730172769818,0.24493299892019482,32152.87559696656
15.442459746147119,115.43310317881546,698.3728015793132,423.1205143984511,22279.54822393406,0.16528865803160275,33880.800893395935
10.679478654856052,104.89147568102467,613.3204790037258,390.07487147977594,7121.92550975099,0.17102229465973445,20577.252697468753
11.05565393130031,133.47999771692864,879.9969256069061,409.66055072387354,8908.780766728842,0.15168234550918652,30564.371049728346
14.070881753333293,116.82100838332669,946.114514478879,389.47273301329477,22562.47274398202,0.12347449129630131,41822.97200363414
11.51389005938931,165.1605639383335,900.0357520681105,419.2475384551039,8318.013845994374,0.18350444808311894,32556.050404442984
10.741727049942108,141.9865557994503,629.9797250682306,415.34122609465993,5499.227492406554,0.22538273876047724,21259.378195288693
10.09314003332371,197.8052072980756,723.8736637318519,489.0436072607427,3762.737763500615,0.27325929538355126,22952.97309824087
17.72532880543349,124.93082881007136,909.613760469007,415.4185246038268,40548.08057365808,0.13734491961253492,50652.53606653771
12.285957767652803,158.130790960679,731.1921335848335,440.07398628373875,8575.157817737227,0.21626434926946947,28222.169851414037
11.754123276885277,145.66084860832845,812.7565717600136,429.21099502697274,9061.255529964656,0.17921829692856475,30012.39155057175
16.86941669373875,173.01865971784667,777.0961488091125,442.526298092177,21561.6509396321,0.22264768649670316,41183.636809167045
12.361315265071884,150.47784649869857,736.4341987360568,435.1979115898892,9243.904061740539,0.2043330507422984,28598.845645971545
14.295246887453251,148.8221875793796,961.5849454582575,384.6627843710864,18875.3473413686,0.15476759310999424,43184.628549824956
12.085392575395936,184.0477727945496,737.829546480806,462.6964581920043,7076.324877864814,0.2494448394922572,28013.455157966007
18.674069389918046,112.31615678962788,807.1465995367871,443.5279263036377,46797.97830349301,0.1391521154324195,47352.320056070894
18.888769505771002,104.43817020497984,873.0916902678064,439.92183480150305,56339.32011855585,0.11961878846074593,51809.97641194974
11.257283565423274,174.83923999427014,819.8983715893426,449.50450574256575,6689.9355143192015,0.21324501432458118,28996.361295799492
15.29179516627547,100.38383002682197,772.108639121912,431.28112920370626,27503.6331189452,0.1300125719885539,37092.55561338965
10.628971715589511,163.00684121662925,938.2431894049655,404.10488504234235,6911.675548379954,0.17373623710501784,31329.722246740897
19.245362985982517,128.13987820853237,664.5914834159386,427.7276752950792,36969.94333120281,0.1928099914099189,40181.92613831433
17.675681373167627,146.229675322973,933.5349975784957,403.2122787263724,35255.23233040784,0.15664080693522942,51839.00307253032
12.15878836047989,125.60228284152996,616.2816222113566,399.7967318922977,8819.67498996485,0.20380663371210195,23540.700870957386
13.349752905233764,153.68933349601969,654.5420283686294,424.9590757564859,10132.427212755783,0.23480437746537475,27451.156008916558
16.570803027435385,138.68885091297227,780.0738962359706,432.8001776237764,25593.215904050532,0.17778937557348953,40609.64312590235
15.825551165481258,140.6812016109776,702.425071880352,427.66496628782653,19789.75732222488,0.200279299875191,34922.773050601645
18.183657630903717,188.58179175115933,623.4168337505146,431.69618798147206,19875.703275403543,0.3024971119509871,35613.088874393376
11.463972139710943,184.7705364036477,665.6348248099123,460.4295583307498,5427.6105957043865,0.2775854410207778,23972.925184096257
17.1014367411395,156.0931261925247,650.4934424546743,423.0334187282875,20842.842126523276,0.23996110645404561,34948.2467856544
19.04301506281105,197.49872090230605,604.1536516813891,430.18460737696813,21124.68542109089,0.3269014767231109,36143.731591729804
15.196895197736902,113.50951484421667,819.4840980305432,426.4965712941801,25338.031311810522,0.13851338313582018,39124.182108473564
14.796898624089756,146.06009601443716,752.5872324725242,432.40114244104933,16693.114016907908,0.19407729723845613,34984.640653763294
15.838547965481254,115.85750676191581,681.1095730113769,420.92514175446644,23358.17449691059,0.1701011281484082,33890.83126265306
10.72547368889677,127.031295141646,638.4319214647837,408.0464392499486,6200.879802198643,0.1989739091525879,21512.007867291435
16.101025092438803,109.26880120675949,921.4462119600283,408.7348060936312,35199.32951808534,0.11858402562025996,46609.38671422455
17.703946590425204,156.85886831456372,645.824228433893,422.35767167408295,22846.281759794856,0.24288167183653422,35919.83203561098
19.899040516263167,120.74368461021146,902.4466795487733,430.52492602008164,58891.62466825705,0.13379592096298004,56416.16493726946
18.31839296912662,127.26738506242226,774.0604563603766,438.59738519984006,37386.9360249195,0.16441530376171398,44546.350072468886
11.570439101489763,182.99891470586488,697.4370540667426,462.0362137735971,5903.451854763574,0.2623877146171136,25351.56245993028
14.01121633555336,199.5781125795979,921.3171346614536,429.8848876956269,12697.661731645578,0.21662259939725825,40554.10858316951
14.54076966945621,159.99641642584055,953.9090278841383,391.4142394366665,18329.849067754603,0.1677271225545773,43575.68540007372
19.568748417595383,116.39504170904416,765.0883886493475,447.2373071052834,49256.80975444637,0.15213280378561583,47035.366617730055
16.61788558180687,169.18171288364374,933.9942972654694,403.7557565782824,25334.83616439777,0.1811378435382001,48760.692142172185
17.40186381328778,183.87775905272053,890.9874718955289,425.0347771811784,25534.63720852582,0.2063752464010861,48709.89974945089
11.177644465996941,161.64216161718323,688.1317711731663,441.9601132348998,5945.218699490128,0.23490001245198497,24164.16397286909
16.224642408412198,155.24691966216196,965.1837850101192,386.49251698020925,26552.92852731534,0.1608470035170911,49196.592534185715
16.520933060219445,107.82396615909005,866.2550786044438,426.1562827890937,36227.153028619396,0.1244713812619683,44960.40741391188
12.358072223373949,190.30958137005052,805.4030972931577,462.2020720274077,7987.388864532775,0.23629109697945447,31268.99313309725
13.734793785599525,141.359914438307,910.7169955628028,403.5780697174768,16692.585047726247,0.15521826772426675,39296.64353520424
10.64541200712473,152.08158153098114,663.2822144600999,431.409152713388,5261.49491980107,0.2292863855165676,22182.510680327687
19.235488415984136,151.42087779599638,874.8139469185703,426.3459702052863,41118.72059388547,0.17308923609341012,52865.06725831762
14.35175231935477,103.30108969161849,965.7587284203262,385.05413353260127,27636.213013155917,0.1069636614732814,43543.51112594925
13.627735420480665,162.32759582300696,683.7984296725574,435.75907294495215,10661.21796222079,0.23739100410151406,29275.32095291956
10.728782793738304,146.55286088101116,912.3678786724274,404.8582283122366,7688.242001521133,0.16062913250985775,30751.783790366993
19.150237578957395,177.03732189927206,951.7797110785543,400.0126390888135,37756.70704038407,0.186006614596411,57261.20482309389
15.299757376593348,167.59506703763503,607.394838754248,417.6486500931957,12979.665405571153,0.27592441743721174,29194.800626988068
11.480784236898346,197.74222043830713,809.3451935520444,473.42555744456484,6193.684097466521,0.24432371009761417,29191.41988249979
15.254192145992473,120.34633879694174,794.9660510291048,428.2033045407632,23446.786973997925,0.1513855071435443,38096.727177794906
18.92326543146892,120.63602813577728,761.1057521580719,442.4123829805274,42751.978467498746,0.15850100698059463,45247.12173466392
15.6915676957802,194.31759329992045,780.9638597111613,457.28941055807144,15528.082082072784,0.24881765126978939,38498.79568471762
12.892234317552088,197.91676962813196,683.1015196990602,470.55523543823205,7395.8352534471305,0.2897325857440985,27667.079273658674
19.770416421144404,196.64080863379843,919.146286120473,419.18085479645123,36120.889448037015,0.2139385336188201,57088.72271110585
11.792114404877339,137.66090067618995,633.4325514927576,411.71835970925173,7545.096919744598,0.21732527062554016,23466.154961530454
16.997165056665438,194.45224790792417,699.7648939021159,453.51524930395175,17671.306442957193,0.2778822567442551,37366.163976593205
11.764600692902553,171.98113415120486,965.8846577818938,394.1577558355024,9144.838343361644,0.17805556053261162,35698.69428322979
16.765168512862147,161.8282132176472,659.5898836413584,427.55178631743803,19206.291509055693,0.24534671806100464,34740.157401965174
19.395384147373807,123.11638478167522,761.3469895229463,443.9591914736738,45119.25682935199,0.1617086380794898,46390.69652620826
17.194916969084417,116.23858700753532,904.517715189093,417.12562457847224,39560.97660697989,0.12850891149570817,48861.52672230264
10.315457561064651,133.6820531319066,881.5703434102852,409.40571733209975,7238.512935469293,0.15164082382214464,28569.019874209207
18.107782815524885,143.17835243655546,715.9531461845369,433.7137026319178,29689.51287394566,0.1999828525086909,40728.625279692984
10.36835107225265,159.03111353600275,844.9862409541342,434.02344269202166,5922.384767750796,0.18820556575741326,27523.85137160618
11.678243821607946,181.10013803035935,955.3189267695743,406.41487268932946,8401.604155273435,0.18957034447412474,35049.01304815344
11.967828536427607,145.47580723685627,743.5587922909801,432.97438502141375,8761.34158513671,0.19564802238250795,27956.354857773797
11.273887763929315,173.45754276139482,878.728169191094,433.2930099064701,7259.094994064038,0.19739613323318148,31122.76176286718
11.164576026335327,179.10546969531498,827.7433330597703,452.12572142623316,6431.518879218776,0.21637802751397334,29032.72494308287
17.826529609808446,168.40078314019763,852.822876480363,430.43133908358965,28688.98274625585,0.1974627883285624,47761.231803906754
18.06362560159036,196.17114865210448,603.2876216640515,431.19769172186676,18126.08653764315,0.3251701868356002,34235.699866139614
12.519304382421518,169.60023022756968,966.9993996038245,390.67769193633256,11187.688421581159,0.1753881442915623,38032.622757651625
12.431573458801811,127.98815712015173,844.3631628050599,417.29040439569127,12674.70307153877,0.15157951312674764,32976.55253552682
19.671661122227036,101.091073706735,998.8012730076977,404.2975395764419,75212.38854269305,0.10121239974226175,61726.264322534065
15.45223265203596,195.73482398837353,933.3234839594621,417.6471208700754,17592.915183116198,0.20971809597890184,45307.83440833252
17.93508548987572,173.7707018502843,707.254769535493,440.57995824856044,23480.62664672485,0.2456974619830595,39850.08102267155
10.180362716608888,178.10587931609393,939.2158361980987,416.803496478755,5563.869128444391,0.18963253434594768,30038.519997958734
18.129183525379677,131.99843671537297,917.4570740739462,412.79113587203364,41414.431313899695,0.1438742372209711,52253.317897078305
10.481833507413844,190.05075894817298,897.1149877095213,445.08275939501067,5436.135526179545,0.211846598877367,29541.683580469547
18.00572849230267,184.19670204863974,950.9000929411598,401.2399017693071,30135.96696957781,0.193707733773497,53789.2463915429
15.590270599304011,127.33558115466373,918.4618869578627,403.8512586849146,27332.057415123647,0.13864002737928052,44984.68308506348
12.587711227653129,129.64183823467073,769.8630295167575,425.8370433557986,11844.278151379145,0.1683959785886157,30444.588500175294
13.517972247214534,149.9143050550634,795.6468506319256,432.1604463842095,13110.278687511516,0.1884181467393444,33789.50045935998
19.01480702130481,120.72957644227706,672.6119169449815,430.0389139944953,38302.45818743414,0.17949366254263457,40179.66879468543
18.595201281977253,121.3136539587459,942.522039767455,409.5118844799487,49955.63476242799,0.12871174236803753,55060.76877567019
19.936523446477096,118.02994814892938,841.0256347321499,444.9204871860015,56463.17566104809,0.1403404881784841,52675.48390326942
16.025046347564913,181.41685561206774,743.3329873991984,448.89784685930823,16861.789125049854,0.24405866373133245,37422.48070758361
14.764225482582079,151.99198942870893,794.0012903720308,433.0138982320994,16812.508477781983,0.19142536828560167,36828.30660730747
13.643874721878678,113.19375876730643,818.3025820794486,421.76067579354384,18361.35000296261,0.13832751019758668,35075.30993880387
18.43118298102049,165.61860801043815,629.3299918639448,421.10076782879463,23791.88934788773,0.26316655832643576,36440.263840222426
16.42993333060014,152.87180763240815,865.9502609383089,422.49686180130715,25123.083973570658,0.17653647620218094,44697.02535917252
12.382655359287856,156.35734416003754,820.8975495046429,433.14493336639674,9968.09184634868,0.19047120344601928,31933.948274954844
15.945562699107665,164.17005220912984,636.3862217669911,423.4457338633595,15716.1577970208,0.2579723548276941,31879.425806381176
16.94098118698229,199.1961856671246,615.6317265426537,440.9079240565574,15026.424568024506,0.32356387281369814,32764.943692156114
19.627977672416847,123.447816956251,995.6583648508242,390.89886463604415,60989.29290658638,0.12398611945046706,61395.39173270649
19.96101060478026,120.21587026183026,709.4678137683338,442.22243921827004,46937.33948312096,0.1694451360989929,44490.27557442272
11.339693523936942,177.8323183358723,641.5589874120773,448.73354370306225,5260.534271729575,0.2771877907177528,22855.345091542888
17.917936603796882,149.43574432486184,803.1854519096951,435.1546270033327,30918.99217709004,0.18605384842262235,45211.99822270151
15.682156419524421,186.9325586313985,978.6569127058249,389.53458199774735,20191.233990312045,0.1910092865073224,48215.438640947694
14.387433202221548,177.1372623852514,870.6023285669946,431.08954037354414,14637.262346881867,0.2034651833252251,39350.75029596747
19.902059281669946,134.36858907544752,868.209892976028,433.6570879778075,50935.55232448738,0.15476509788993795,54284.09706685741
17.6930808102209,157.26182045458484,869.9945937784468,424.07212810360073,30641.049639495417,0.18076183642887464,48358.17334083548
12.92603441448284,169.57715621314287,841.8279865641247,436.38383525872285,10721.410768605967,0.2014392000737144,34185.23268586055
16.91619290745071,119.27184915229103,997.0783234214298,377.06546716166184,40466.83228976452,0.11962134403144478,52988.518405914794
16.643621082779074,170.64187455952654,928.3561615967762,406.5206690933839,25082.595268866047,0.18381078471652718,48541.402118307145
14.229975897088174,152.4034209094914,662.2987718591751,424.89052649830245,12521.94314756075,0.23011279408184832,29607.92601579927
12.882723130053098,118.60932097215132,832.1113113857082,418.45003625651947,14999.805432899413,0.14254020988445906,33677.43228615237
10.500620446524112,179.63583889683287,704.0659623439296,463.96640885834125,4538.00787454683,0.25514063809987514,23226.201135397925
15.89952662315503,147.41250624336,927.8809095349822,401.25734735048917,25299.41577375981,0.158870071286667,46347.49929114836
17.07409037087696,139.4735303175929,787.3823771886201,433.68479109660956,28100.01966712299,0.17713570224366545,42235.06227133649
17.171240915784978,156.63305990968573,653.7509554701724,424.07294445198244,21131.67627435884,0.23959132847008463,35266.62426319134
11.323299298391614,178.1718310022405,782.6023460434692,457.7192341470831,6377.068216079899,0.22766585342224882,27839.664994749724
17.682626202813907,114.58127053930397,793.2494918815642,438.3786882858822,38276.874486883076,0.14444543830405818,44066.28527527037
14.92666428386148,104.94628739039639,953.5482282910998,392.46609806907344,30217.872170017654,0.11005870943567872,44715.21275325364
16.112435259343243,131.4449748420711,982.0751346251261,378.19994006349447,31252.46544020291,0.13384411254058048,49711.37471150255
15.97772001909264,145.16915015609084,888.9503310082109,414.45859483244334,24977.42028202966,0.1633040059633545,44621.29552434932
12.405005693799815,161.9075644867878,941.3953194307327,398.9957131994201,11099.305332031241,0.17198679571159783,36687.563926028684
11.096523196813331,125.81969352336662,856.9916719068339,412.9848099326669,9306.550850862333,0.14681553817601725,29875.37735883957
18.98288080162573,147.30721752261525,759.3052243331841,439.0864238403429,35259.70901293749,0.19400263925745972,45282.28996709846
16.366099375041998,101.4611350188464,900.6439145703916,419.45956070746814,38912.4839228658,0.11265399496674944,46307.163073392694
10.544220458318597,176.1035711775392,749.9028826994388,461.04008512442334,4992.0657035084905,0.2348351703138092,24841.017073990486
12.225072222393012,111.62379795733905,955.8089677043606,380.08165325201475,15644.749230830983,0.11678463137402284,36708.98758780602
13.307177162780825,169.08669711750287,771.5059437276511,445.2168581189473,10751.960292701347,0.219164477593697,32253.36918814516
10.844413878539768,121.15334376392624,963.3367663559778,374.4777445542372,10140.537681709135,0.12576426852492512,32819.66112967801
19.13155982899203,120.85362993925429,750.6517313731536,442.77520382144434,43494.05827693139,0.1609982697544425,45116.84723863677
14.59912581700115,103.62199585263785,709.122848692688,422.65252798831835,21293.648474529644,0.14612700189208602,32523.56944326037
11.898610627368885,127.86904943259708,690.7586371259641,419.4139528994213,9100.172939509812,0.18511393496955922,25820.96383870463
17.333941598133297,119.38088314339765,846.2063332734128,430.2967296492746,36917.60094399402,0.14107774717496138,46081.16743336891
12.947410884431346,140.59787247872714,733.4073347562536,429.4350717912361,11321.795117210993,0.19170502640998888,29831.703383733777
13.743536857064177,197.14119033914417,988.7401656292382,394.3702679413595,13019.680796294557,0.19938624644997885,42690.43312258002
17.27396793465349,164.91251625424468,771.9218283674011,439.5437171414541,24126.594837320674,0.2136388818062462,41890.4768279126
17.818576859281805,134.9827628281811,910.5419600208465,413.23605076974076,38162.84074316782,0.14824441789051734,50970.96446720026
10.915080421377388,154.19102789408,977.4765731303345,378.8891753731711,8243.811896422912,0.15774396249752426,33518.39157006141
11.619094615965587,196.22203710826938,719.5535755576633,477.94306911787834,5752.1767217444,0.2726996901602424,26265.47725518485
14.778799225244628,187.12796315594267,811.1037533615477,450.437044179471,13991.206551370076,0.23070780079663963,37658.709459156824
18.862064395586955,165.92102689510762,834.9613881482311,434.64871518180547,33770.12243556859,0.1987170056606876,49477.242632631125
13.201848711202974,123.97055711097902,885.1708512809124,408.1315570660502,16429.063416073383,0.14005268805630436,36712.31139654259
10.194230067395374,175.56774589811133,993.5329074855342,385.5423660463195,5995.160509456036,0.17671054936916378,31819.00241888102
18.69461984164871,172.14630373465945,786.933516192124,441.7281217989441,29866.90736475389,0.2187558417484295,46217.29818774576
19.60063650268167,140.39637758926807,949.5681069763568,404.90659242232203,50930.82851063395,0.1478528781219521,58471.76009053187
17.926335713411277,157.14715658761452,732.123188332366,437.14657511130355,26838.12746048497,0.21464578515203858,41231.16066222687
14.322926063134144,117.34237148554695,728.5676784298688,424.3566539623152,18243.589421942575,0.16105898595231494,32783.21360121079
19.613566165158375,178.2745527989326,951.6508110455482,400.9020875007972,40277.07845308078,0.187331898139264,58638.663009641015
10.804789939696189,175.04156622511124,855.8157434273708,442.98754963012897,6167.200456628909,0.20453183710328207,29050.022434674072
15.267557987485265,195.38761089356245,992.0133960933086,387.424060237206,18068.797419678438,0.19696065765142584,47581.37496386702
18.632328863082265,116.98369233270569,968.7041006800816,400.93303819231295,53563.28895801365,0.12076308157524773,56703.27614162162
19.528024854468462,175.74280069600334,629.6155439108765,425.352222777746,26679.20324947345,0.2791271632278509,38626.34660097271
11.270535728494963,128.51334870196968,781.6102873088703,424.5738053745775,8707.143596648228,0.16442126055485864,27674.81329118211
19.308353202074475,197.22285353374622,606.2221805227158,430.13299394846473,22126.375995708204,0.3253309757879373,36772.81947097882
18.94193022930526,159.2495331522884,767.621801005097,439.9958654232499,32759.844410245456,0.20745832510719817,45679.50675819326
10.04206640237923,121.39803692089329,616.8345080333585,398.9015373740918,5145.484379813941,0.19680811520734193,19459.945662427064
17.45423705134884,177.44007288870395,835.352928214994,436.91671969683495,25033.461279718435,0.21241330088812038,45805.828418989826
14.02686796208095,183.54882273711024,685.0795353526177,451.5097002732046,10300.813350407117,0.2679233771632599,30189.198020593183
18.843503692279768,148.16792744837065,601.0691401665596,406.71901052083143,27142.83435914625,0.2465072943310856,35582.459275249355
13.873807072579165,199.2665216770029,652.663531699348,462.4985212293897,8746.654252449838,0.3053127867557886,28446.89503886988
13.23519537684462,139.67784449507067,603.1023122635497,401.7240679011563,10010.471632067858,0.2315989205394272,25076.748418759325
14.137793215225855,165.52057585277493,935.6301878174112,401.7976541628613,15973.390641507733,0.1769081181945322,41556.190038181376
14.771935149165419,112.22732804564642,986.2645786165297,374.810029835741,28327.417916894963,0.11379028556725813,45769.97770917564
15.076939224699151,132.87537797270622,692.703606567671,423.3820754896196,17866.623613626554,0.19182140342981666,32810.322991100744
19.556614602647883,106.45024489078281,905.1545693163264,435.5235299828027,63599.99993068094,0.11760449375092466,55611.7162434729
13.669749129108308,136.12417366547282,896.6447922114281,407.1591628429093,16825.454599126773,0.15181504966949594,38506.216424502076
19.146078704000928,168.68714310238647,984.5158854340319,383.2630886056008,40961.91617239655,0.17134019430069364,59217.82340425158
15.207734521623367,174.16380747325042,606.7608096554183,422.36175091930085,12253.303181767038,0.2870386562575765,28988.912100697235
10.08634932484534,126.8443180860704,920.2198499493923,393.70316611288735,7444.278198314552,0.1378413192163223,29159.191294759676
16.075937307774097,103.17725397715158,685.9990931841878,424.0032157646248,27622.850195017043,0.15040435913440622,34645.73013246382
15.818936586847341,119.98791557314084,710.4135713016707,426.13341576133877,23437.192970535,0.16889868158527768,35305.17813816225
10.964382616281492,134.00130260821197,828.8892534309801,421.6071688521959,8153.424163961995,0.16166369880360618,28551.60746057904
13.360530821208588,192.05760613412377,950.5431703529468,412.3121222205197,11803.518203221038,0.20205037722043778,39897.476879047004
12.05095628547175,178.66579866026495,603.6588809852364,436.1772833273164,5913.092903305417,0.2959714572055382,22854.039732493628
12.102407430363513,135.79081587009023,895.2428693016033,406.08594455006795,11686.535461052052,0.15168042162237308,34037.880768679075
16.661162057406543,182.4180453407174,849.2793978144505,436.6486791053472,21532.708293571093,0.21479155836130606,44453.478491186615
11.56346763146986,142.6861755076666,994.6138101081992,364.2778106238574,10777.967128765385,0.1434588722351889,36132.03704379556
16.291409591476704,104.83847752810121,628.5017336005459,408.27089353765183,25921.59747991963,0.16680698226161608,32167.330062527853
18.588294209376816,165.21687613479907,861.4368014151121,428.6913800858072,33487.87794381171,0.19179221953762782,50305.1944112191
10.97794564327231,166.9479507019678,619.6559694599497,433.38788708974465,4910.579806823053,0.26942038635965754,21370.83969277905
14.016503047423383,160.68895068824094,613.7378095723574,417.31433239586437,10517.58163420654,0.2618201912640944,27025.418472937028
15.349194556286665,192.77584662530305,847.7210311889152,445.6702850603709,15902.196348353085,0.2274048177794268,40877.88536251004
18.9289419463406,147.63288626096994,900.9996099254734,418.3725531905713,41392.39067450929,0.16385455069528995,53579.76629135342
15.114349101286592,139.14745987797804,702.2013421900879,426.5093052876669,17424.275115678953,0.19815892040877134,33342.71628348016
15.555098086857493,185.26599807792593,717.7680976208236,451.66726609394794,14581.650783797155,0.2581140046374653,35075.73483175581
13.180820733393952,104.05764318085387,757.2738624178176,422.7717290528279,16665.039303368514,0.13741084744245566,31357.778881083264
19.106293152058836,115.94771355629695,620.2473163597871,415.14654701173964,37310.581328306034,0.18693787219715935,37229.84289060181
11.015673491700548,190.56037446526818,611.177017801955,457.6710876260958,4287.13916976615,0.3117924413300127,21150.855709992808
17.325714361025476,171.54076584119113,678.592038784706,435.7178217161973,20573.816691955642,0.25278924012784526,36935.99332589138
19.422579936103574,114.05783582305257,882.6075342985359,436.0842142265706,56697.41467918256,0.12922825988982922,53854.80040422804
18.033129731571734,139.63212838042884,672.8079712414838,425.8246410625998,28256.547145019485,0.20753637642368564,38116.42037039282
13.51284363633928,149.0979287677287,681.4130715206775,427.4246528529306,11276.624109409557,0.21880696892854412,28927.245702635922
11.927166864920299,168.1110165176761,979.1565249436374,384.3062506517935,9882.522999969602,0.17168962493239062,36689.2885417172
13.478116243882088,184.51829455588626,729.0091486185727,457.72035680817345,9673.444395982326,0.25310833877124456,30868.25283918872
15.869623651136827,193.58657879839618,911.1631246236097,424.71314027590364,18811.38505501257,0.21246094532015264,45426.85131752879
12.071325411940576,111.5101096758944,667.690987882209,409.4151838355944,10532.370890029952,0.16700855889875588,25320.970347406863
19.10971514907748,118.35891580474392,876.9717961114371,433.52473825380383,51706.75563378748,0.13496319531546713,52648.94979663946
15.700697154600066,103.01167895222352,744.3008232055843,431.14720372336654,27965.2588674793,0.13840059790417636,36712.7831220515
13.243163346751087,106.14588494353859,686.7808788077978,414.7445387609685,15027.621243694977,0.15455567884737884,28573.26070050312
14.316686900058796,143.8044423655141,610.1960914205007,405.7503885595784,12451.586811218831,0.2356692289371205,27444.9106599939
12.496854109770542,184.8075822930147,985.4001614649162,390.6247137393545,10406.266483100793,0.18754571951589283,38686.835037417324
13.593004698397689,165.3052512569011,976.9978996752526,382.08447373440066,14844.08324142138,0.16919714086575563,41721.40928397799
14.286108082942107,154.05870472036003,879.1885984264362,417.65462171644543,16639.397615036592,0.17522827866067975,39458.97971625757
14.603311739153082,180.6385507443199,719.2087004911172,450.64275843604906,12399.339777046207,0.25116291087826037,32995.60998466343
16.593949960472756,174.6503681580386,884.495791161629,423.6239752750391,23140.652125184664,0.19745754576024174,46110.03156311092
10.491797944089308,181.6978893715121,647.9827726201333,458.63887838312695,4118.730082335769,0.2804054321333459,21358.131232077973
19.76132486247809,106.72067118143872,905.4870279558681,436.68785798411267,65475.95751245619,0.11785996694216595,56214.475562546606
18.300766342749917,169.52443107236337,987.9423016982361,379.87297889170617,35719.643383229464,0.17159345316113825,56800.31317990103
12.341338993672183,140.1020879862162,918.1515154748554,399.53028213986266,12318.46497007937,0.1525914684285603,35598.07468086758
18.466186408486383,131.60764182806344,695.0356774288744,431.3927874146995,33255.052413578596,0.18935379305263267,40321.268477786245
15.999114226066833,186.99963941408527,980.0824194391555,388.4435454507929,21463.94995491824,0.19079991203300467,49261.58834574548
16.64958398220128,188.60394419905094,794.8584561958912,449.66721934237233,19451.324870146876,0.23727991157279693,41576.03390538445
10.495734670268526,175.93657299894448,809.862232893263,455.1315861438414,5322.228891790616,0.21724259491692127,26703.848937355924
12.672552723973494,169.25176269585813,706.2483990948327,445.89564410635757,8492.129265849328,0.23964905678056136,28117.160233545084
11.965911411837467,172.21302137581227,686.1445380768832,448.5009573023198,6826.325204821982,0.2509865076802748,25793.55877625337
13.01362812257118,167.40613322502867,720.6446575439697,444.63676929601246,9487.351316207141,0.23230052630316556,29462.489193250978
15.610270333808538,118.93403417751975,911.453819259701,407.4046877470161,29151.42514434601,0.13048827232313326,44698.70755824088
17.76908328751094,112.66915368905995,632.3384997002098,414.38296043905535,31487.607363940573,0.1781785447864967,35299.17214253623
18.478283835847066,171.04858653172613,602.3380844764706,414.5062978500319,22218.03953398049,0.283974384054422,34966.4731546231
15.110486777331495,186.05042202975233,912.8572501188753,420.7818782517149,16928.07502544781,0.20381107999692638,43334.24127313477
15.158988492727943,127.59698151713336,635.6949941442683,408.77122314998286,17354.777924542555,0.20072044406908726,30273.935932840155
15.37074004230084,162.07294878284216,861.9451439958409,425.287651117258,19313.163909168565,0.18803162812832577,41622.127725665036
18.035258106937214,146.32029255134677,666.7412249377396,425.3127990271161,26731.28484891222,0.219455895448808,37777.180679033394
13.968392530438491,129.84600504800613,755.8816499650698,427.19517778273195,15865.89231994756,0.17178086682486138,33170.35395869295
13.096291651524314,195.59827597235005,756.8256494628899,469.5187433051996,8691.121757382232,0.25844562233212337,31138.239385368615
16.266990522579746,131.8640530423886,722.1237380451373,429.3442960168132,23572.56501366666,0.18260589715463177,36903.59776047788
14.448197628484106,153.0613570493137,857.1493587286807,423.13240097287445,16890.090067800964,0.17857022873625372,38906.310704059564
17.47707539536853,152.76835251635907,608.348073979517,409.11419976262124,21258.12818982265,0.25111997399288677,33401.86911263038
12.959831252356295,103.34963790267865,983.1652288829323,370.91221518459446,20706.924089882286,0.10511929721121649,40029.091186159654
19.433472753408417,175.31087057987838,658.7990229023166,432.8526540943149,27580.06893136099,0.26610675560439107,40221.03433555314
19.330380884492,151.8144791133592,634.071490526643,419.6649558085308,30167.982472997683,0.23942801621196708,38506.00924408777
10.798898854074636,113.41149130645019,617.2803774654652,394.7715324201228,6854.311393046202,0.18372767942521417,20941.694399669646
11.423479453176839,166.29057538918624,924.5664807490582,410.5762210158886,8288.304978324451,0.17985788891509696,33180.76709007577
14.623508335992492,167.22320390136764,677.6767204937629,436.2609229108435,12673.038611744274,0.24675955192842824,31133.218292587368
17.533918256765432,111.78267171490013,934.2677041343559,410.8110810649984,45054.04448509964,0.11964736790133634,51463.60281367189
11.472797770077664,133.32519657364065,956.3144067878417,381.0752134014862,10831.696454184887,0.1394156520358883,34468.303593164994
17.249137522098223,155.6493260956177,707.617881247992,433.766052532159,23332.093506225865,0.2199623980969876,38345.645789005786
15.456874482872514,160.7365400410875,854.8649016452705,426.5275057734589,19640.290705564566,0.18802566315652264,41511.55857256241
13.395308998722964,129.7428691390949,741.9890838329774,426.08557284686646,13745.869830460424,0.17485819126727228,31224.8330417336
10.810768338025872,195.12147724241703,621.5945707657028,467.6352456731676,4025.0550109421274,0.31390473215050657,21111.235297425206
13.46774775326995,184.12058138993234,835.6227652578249,447.02468526426645,11086.458773438422,0.22033935532276142,35355.347439269644
18.914217437432598,161.47873457600767,872.9200858017043,426.0210926359188,36578.364337390056,0.18498684725269315,51869.58063508781
15.765791273614687,101.9420045053868,678.8961849518802,421.3293920334227,26097.416510217397,0.15015845834015462,33625.52032777454
14.182421768233795,131.67460241520573,669.366933623031,417.59935064912526,14501.516758508873,0.19671512858052417,29823.906144309396
12.984039711932585,188.7272554734327,958.3546062661266,406.91085632602875,11115.298129464125,0.19692841693403915,39091.824683975385
13.532521091241943,114.85797377084947,906.314772335659,402.4428559648124,19554.830061456956,0.12673077530762253,38530.76610022363
11.119323606770857,157.3350527121353,620.642205043014,424.0886538548718,5423.141354042813,0.253503631293059,21680.51267470979
14.655512746277795,182.27544045255456,853.5104037606284,438.51174700116513,14739.532718485283,0.21355971719786407,39297.028286995046
13.466473135704003,131.136141749813,929.8882088454372,394.38848958482225,17316.89190983939,0.14102355584509835,39340.011501856614
13.948188989785066,108.37436186958315,765.003201094068,425.18468431118214,19155.353396985454,0.14166523972003223,33522.0792372423
16.04389927135669,186.43641531738683,785.3429155309628,450.3745228808829,17396.359201103496,0.2373949158137359,39583.950034706715
10.420191477289958,113.73474487952167,848.6732396919981,410.91740632872296,8442.565697083546,0.13401476511831395,27782.16462349056
12.022302864686859,113.6583761714017,773.5189112173917,421.1850067722897,11825.853165624027,0.14693677752819526,29215.17372177637
12.25834408114802,139.28988808991147,962.9933191974396,380.0311445395395,12735.004627761,0.14464263179519865,37085.56965068009
17.22546153763754,190.41465076086672,862.3512261917408,436.9004539518954,23147.09138538486,0.22080869717291812,46666.46724922499
11.921435890979248,127.41655625369488,692.3191751025772,419.47177342863955,9205.898882921156,0.1840430842245793,25928.94226764768
13.901218867999166,162.48402557288827,688.9098638834942,436.1321143153769,11389.6499395018,0.23585672682481282,30086.048890854843
10.971632534547982,189.69074862028913,925.4399164852978,430.736279619223,6443.411059590755,0.20497359714146574,31898.43337324693
12.453208748465025,182.7130357269953,622.07398392439,444.0991989257714,6575.311163064732,0.2937159251932374,24337.34393762036
13.067336043086291,126.54810584297276,644.4993511149057,409.0142278221081,11363.915988408757,0.19635102133781807,26458.146498493526
11.070767613871407,143.60390567585597,778.6083289025993,432.2729764394874,7356.749986257322,0.18443664207684096,27079.874818994478
11.500391819824154,166.54140472250467,918.6753091516223,413.0221410726294,8390.304682639951,0.18128429387778172,33191.32225865422
18.612816657734385,102.9775347500969,798.023996911497,447.6870180633194,49970.047065899395,0.12904064933966813,46663.56587620956
14.67999813030697,186.67113249245506,752.108460629539,455.76825392692007,12746.21714096792,0.24819709159528044,34686.16990882492
11.794384314914367,138.24712325916957,847.135839276877,419.7148411492197,10053.627210498482,0.1631935716203184,31389.05226964896
19.675895720106503,150.5795065708015,760.8248225925465,440.9933472852653,38487.733814934436,0.1979161327277608,47029.35887437664
11.506930745167407,161.28944461124124,748.4869993954151,444.48509980381885,7070.608855142792,0.21548730270735714,27057.871714132732
10.397879485221164,115.33932323719485,825.3292773571718,415.3572863009742,8044.224659000986,0.13974946291318863,26960.125129853885
16.62167864840663,166.18636667917605,630.6401213107506,422.32035010358396,17426.52723128002,0.26352012988607015,32931.10862779499
14.169043464169732,192.15502651756282,643.5126291037939,451.77706006642273,9526.35853216563,0.29860334953359496,28644.911161348988
15.959690119796807,183.46292315354623,724.1581953477042,449.81226778350964,16045.693973392155,0.2533464708846616,36308.455681415704
11.363976880231696,169.7467687810916,705.9446705018669,450.47980957766555,6103.236123138355,0.240453361111737,25202.92099779124
11.527682886723893,100.91205970888845,785.9103937694067,418.316604409125,11930.428021117852,0.1284014825467456,28461.968006620384
10.689468036427117,181.56122068813033,996.4150577506758,387.0729871061964,6703.250773184945,0.18221444896466107,33461.56488740222
17.505181786101858,172.36810779385564,761.9313383354079,442.6112417179556,23711.48740725603,0.22622525038860905,41901.76669030016
10.030945999152047,111.54139949482182,695.9982337409323,413.3676327884221,6297.928496118773,0.1602610381570886,21933.0941362261
15.50107263422748,179.411904818013,832.275097716574,440.0923543473189,17278.295495449263,0.21556803190465104,40530.17924147765
17.911405736105046,159.61143256189783,674.9247838926605,430.1751447555567,24298.552119936383,0.23648773370171913,37978.24752032492
15.66737959430597,129.2489057549419,811.3342955886,428.066228991595,24141.37802494404,0.15930413204236052,39934.29968281251
17.66744062992846,183.14864938724338,936.4574850979755,407.35670879383446,28197.15337981956,0.19557604301500323,51977.044190414184
10.331979574661215,137.3061994217192,937.5253169605148,390.6518995883777,7530.840939390266,0.1464559910412553,30431.013443204472
11.400023743596702,110.5037952355624,640.8515129891339,401.41911880066556,8592.063688031503,0.17243276015708817,22951.60402268406
17.37400957031817,117.91513121780432,723.1120763860981,433.1908979563935,32161.49624366532,0.16306618997031488,39468.94733985952
19.87378540075173,194.64169098978084,865.4355128146592,436.24091670783963,34901.221839795515,0.22490605955924656,54033.75894500857
12.530128768349034,135.8539794350514,817.5575430903798,424.085613909247,11838.933141292326,0.166170541245967,32182.793356731072
10.638927692246032,187.67609121004864,749.7993193832966,473.0478696098748,4810.936933789302,0.25030176256282893,25060.67542623625
18.953693904780224,175.72699799631,929.110107343939,409.26559617546644,36000.64506845866,0.18913473936761208,55323.66207522233
10.926967720441333,125.31093809778343,925.7390870487936,391.5944451260138,9638.259172719987,0.13536312752793875,31778.84684326877
10.411366857135706,117.5078261383918,672.2467615330645,411.5917774412039,6456.321904257456,0.17479864963635408,21988.031024587664
13.772209248085648,109.49079223967183,645.4909334825849,406.12698319104373,15400.094506291134,0.16962405908467476,27928.24410904832
15.227848395028033,185.76490163716846,875.8233040716193,433.37940599453344,16648.245371612607,0.21210317283585067,41899.12118385946
13.711855979046263,141.03639123934244,660.3755282088252,419.0563577920132,12071.146292193609,0.21356998437220046,28447.040220603492
18.658962924145797,117.4654462276545,991.0674046157935,390.4359469681912,54809.46528927407,0.11852417472370838,58095.24228027944
18.434318218984345,193.79768156447278,606.5493087010236,429.6088134506543,19606.441383488534,0.3195085358839281,35127.16210656302
12.338118046872902,194.82077590116896,871.1067639197483,450.8116358368172,8398.135560186009,0.22364741495580562,33765.266336922876
13.002980969115317,109.23202746613983,890.6320555981326,405.8491327546831,17925.740629412776,0.12264551537254241,36382.38135883669
16.777627909818285,194.92170856474866,926.9613274894984,417.4678416133385,22459.137907760076,0.2102803027313531,48858.71571839978
18.82449643622877,134.2051344139681,871.3427218681868,428.2304039607912,43310.17903131345,0.15402106547263972,51530.249842980935
13.828695973742022,167.8263276859621,825.8875951390855,436.9535032458087,13013.812268796764,0.20320722659322532,35879.96778418924
19.580648025090646,133.63542444169067,600.7856188574858,407.2553472623778,33750.41467996077,0.2224344595595101,36956.97888124135
19.74687842837643,194.37359457554953,978.7760789790512,390.85786931071306,38774.07427553755,0.1985884195068377,60719.98728007626
13.277538395095046,142.010129300346,725.1210602330939,429.4396176838804,11952.09107662808,0.19584333856569566,30246.697121992216
19.362281828066966,173.31952700893976,932.5488948553549,408.1273160198445,39056.53653852074,0.18585569932590276,56725.459385248745
12.647573498296317,132.49986272506186,799.3272425713699,425.1219588062161,12204.804358409943,0.16576422730047424,31760.088166959165
14.932756900147377,105.70270926728303,746.9973471504122,427.8757452937843,23531.67955052002,0.14150346004642395,35043.61716120691
18.810232240864252,137.54361424249214,729.3837614719023,436.98652399752046,35293.77647973882,0.18857509792228994,43102.2677633073
14.914446054340662,126.72691486204324,923.8471521509618,399.92111945936057,24185.364945937876,0.13717303188843447,43286.96377735509
14.719796984630218,149.1754138017259,641.1180865111111,417.7439629143028,13707.12074428015,0.23268008958150113,29647.61223648955
19.871656872901678,102.75940193089541,728.1997196867844,451.87708659129925,55607.21927312253,0.14111431129786017,45460.52633817268
19.278735954307347,158.90813492283377,667.2925741274453,429.747384610393,30088.866471196943,0.2381386232727417,40415.198833771516
17.021975500832724,144.443692794785,962.6781890328014,389.0423237933373,32870.96339524916,0.15004359134791134,51480.28779552502
14.513532377053426,171.8403246504805,703.1239859453465,443.0717824730462,12509.104114664537,0.24439548086166069,32059.36471985175
18.36065264966558,194.97271074425686,611.3124377847762,432.1621294870251,19406.791773322373,0.3189411807991065,35261.53543376229
15.10275151206305,110.12527877310687,796.7298637677155,428.3713752166357,24922.540253124607,0.1382216028056576,37802.19740889845
11.218119322197657,184.3584948986828,711.6481472913782,466.18292931037985,5449.571241776793,0.25905849063244846,25080.445748788403
18.310466455689806,100.01114009269628,667.1122768933215,431.0231389411751,40949.516563569014,0.1499165036482894,38374.98456199707
12.830706309714934,198.0963519231656,752.3920094824307,473.5748981423936,8022.678516554178,0.26328875031439497,30328.058670070044
12.994548200093346,177.50050651544345,753.2572692790073,453.23571130218994,9311.663813631738,0.23564393435637335,30750.656255348193
14.489640485867202,152.32546032920402,845.1453477669968,425.55164835598094,16878.417911129833,0.18023581474082673,38471.47945752553
18.114734867047687,182.34949010274065,675.9312369764167,440.264230168795,22034.028643001227,0.2697752080794911,38466.650511487904
19.26750893653124,130.29675594685216,860.2303758662457,433.55403795965645,47223.46806236827,0.15146728086141376,52070.316298339785
19.729623715872663,110.81478740620872,794.5545049293792,450.8136269283353,55065.85464922926,0.1394678234390705,49248.42766258519
11.552779769464035,132.04057490999486,931.105159235572,391.7071727481188,10873.03559752877,0.14181059314331246,33793.64987944279
15.733172857057983,113.88019519555786,916.835832458624,407.22517973398425,31353.95408862535,0.12421001793764117,45316.64663813617
13.913336937733828,177.08150469261406,646.6115686944022,439.3259310693431,9834.769243474024,0.2738607121585622,28263.415663713593
18.493957640216554,180.70555414338577,782.7633865432081,444.9398039742467,27399.87477553644,0.2308559102916229,45478.92962609381
15.900380902714282,157.95997512424867,769.3921327903141,436.8194445136916,19580.477079866956,0.20530490031316476,38433.07577275209
10.588499861002017,177.7670357977253,650.3716458771278,454.0952084054217,4343.238457237287,0.2733314665924261,21634.452402755123
11.916936728055504,186.28002014490608,728.3909142257938,465.6115200395123,6617.472484091771,0.2557418228409713,27269.616228970615
16.136624365813688,190.22041106889148,867.6221425385793,436.94504607850166,19165.121620409183,0.21924337997221321,43983.844716414795
13.89336388822889,193.4517731811072,936.9082258874237,418.3665070485783,12988.128276162994,0.20647889284766707,40893.50496834108
14.408009918188558,109.83963615084366,844.0240187883285,420.7981506409946,22983.052886976548,0.1301380454889521,38203.98599517599
14.371353794897388,160.25388411954543,964.6959012127056,386.2827736140359,17867.957544242676,0.16611854981252905,43554.996883791944
11.003847216537283,136.89527165149212,843.0795293611691,420.2083488354394,8205.664416435615,0.16237527645253405,29144.926799803816
10.012224645023503,137.09277620280625,807.8854029878366,427.0255504134804,5914.621343028173,0.16969334474393305,25411.495191447386
13.33781385390206,178.47607231682534,670.4283055828987,447.1072500679249,8913.049080534509,0.2662120182435476,28092.272123425577
15.324449967752017,148.706106218407,617.5842394739936,410.25799146542437,14945.90058380945,0.24078675703425068,29732.468859691166
15.054088198092778,182.86285728084687,987.7281653704713,383.16710311215655,18427.87700410645,0.18513480094218002,46713.43103883978
19.443642952151322,198.98813856014726,698.4088741712676,451.5217747104446,25799.748467877587,0.2849163948500321,42661.61176080877
13.548836774405693,135.8797665809558,944.9937662062664,388.94089706093354,17297.374320855262,0.14378906130402658,40223.58980005691
19.03242033018212,151.75338211605347,901.143128190113,418.2713761138961,40939.02146735463,0.16840097579264707,53881.250749046936
14.192995929874499,137.85734401510445,841.1582064238727,422.0871026099193,17444.96144439765,0.1638899115080808,37506.076682963256
13.718901158598822,107.28570954163533,823.7477672406851,421.5680595457814,19824.870268918155,0.13024097157921433,35502.869024515094
17.756123869358717,145.33415680804146,978.3602233599704,383.71691823863574,37685.61355992667,0.1485487178831966,54575.38728408406
12.961958355082988,157.2716771762,839.9424834607439,429.3991484426958,11630.835012970143,0.18724100789402487,34203.460099247015
12.304913866109748,147.68563080769195,619.4614510702446,413.2476056137003,7814.690404457831,0.23840971952739792,23946.538042470875
13.00745695826194,193.49626473306142,859.5212992597512,450.4348674347793,9776.001281277788,0.2251209654719516,35123.59116102101
17.989603147396366,144.72877952031894,743.7731788961908,435.99391977516785,29919.226538166167,0.19458725270936247,42035.0887634519
10.991745570974205,160.5900229378228,763.5518529377686,444.9319438006617,6314.223882692462,0.21031973443578467,26366.657342499
15.886247126256551,132.27925858279053,873.6972745227154,417.8012570017897,26480.926221714766,0.1514017067926099,43604.58603095523
13.110233560836859,165.3339166208518,829.1386863786356,435.96035925678353,11300.470126968132,0.19940441730317499,34149.74622080375
18.68656623547284,141.67672443874488,922.242889103675,411.32451294801325,42475.1891613091,0.15362192120173468,54140.802973612575
13.983944430476708,156.49606884994742,761.780965045978,436.99171933475264,13311.155363089658,0.20543447005203389,33466.45249103904
12.520619258176104,189.9154541021658,822.5881291964474,458.03823118434656,8501.578303732462,0.2308755103087695,32356.24534142592
13.172784519654897,185.1723520959667,974.3994437743645,395.32061240625256,12028.006312754354,0.19003741564003385,40324.081864991465
13.24705390235805,120.48754332034473,746.797670747775,423.9779679594573,14408.498169970735,0.16133893829596377,31079.364568774712
10.708189797202401,109.87549602147449,899.5519901447942,397.6080985879764,10052.488865767014,0.12214468671653836,30261.62196344664
13.695363805655912,189.99383326872677,630.3231688133509,448.45179821215976,8522.058006594647,0.30142289331742317,27119.814642038287
12.201389320022733,148.95075851000556,637.5025568210935,419.5049985864652,7774.4032993319615,0.23364731155393087,24436.61735279203
18.10316202605796,134.42781314953493,784.8132669180104,436.76311898588534,34637.01978137104,0.17128636685442095,44634.497223919745
17.729789188794335,135.5848877366636,935.9330987880705,403.76013221205943,38471.95318643323,0.14486600368362973,52131.26345295563
17.978646623270382,155.5888896244914,751.3555538427979,437.777174378898,28063.246331098104,0.2070775797539981,42437.751943311
13.559296584961645,174.88642812135686,682.7800944494273,445.2388473179254,9732.764706262491,0.25613873272386456,29084.920716544668
15.915952089113024,148.50431376131678,783.4641076279673,433.3187947096946,21270.51011408963,0.18954833069626076,39174.3321266074
12.851606661389814,186.76451856052734,686.4228410999907,459.15983218430625,7801.3475971036205,0.2720837760311672,27713.987972453953
11.609289218092496,197.3917472922647,625.6023698619041,466.66345752401804,4958.910682833726,0.31552269748568423,22816.7555030239
12.630032508014148,102.183132206181,936.5751197130521,390.1506688242345,18466.16920553831,0.10910297535715861,37161.81847189972
10.653704455993637,137.06278925831108,655.8524827953667,418.6708917553437,5786.134650458935,0.2089841738101283,21951.120030237067
11.535338626713013,161.19237397391913,801.5836872708614,440.7054514007363,7633.00282394605,0.20109238315805567,29048.859842762482
15.215933396689874,113.3169244963127,664.9605704015587,415.3211536390999,20672.686133578085,0.1704114943655719,31786.62111931057
11.958946178121446,112.11367848760358,975.0153846569638,370.48378263223543,14874.13093690317,0.11498657380370274,36631.46202509238
16.50888867554196,134.1766047248077,796.141583515587,431.5923928615778,26697.280659116797,0.16853359691666048,41291.24900833137
15.621986687514305,176.99492878730598,776.8922968416166,445.8373006995375,16734.34746222093,0.22782428080039202,38128.25691466123
11.981686029214249,165.67693793647936,867.4376558855888,429.1764686776955,9005.960069126904,0.1909957872042523,32651.72114930051
17.303506158981904,173.15773381457734,763.3203937759786,442.9642930748187,22838.485865146133,0.22684803815866103,41494.53004218923
17.90496986411699,188.42766988712182,954.3870185201918,401.0630003730186,29073.72170248018,0.19743318615050431,53684.38602451011
16.602755203460966,134.66978001086747,661.3171315295423,419.5796874687191,22473.986535862317,0.20363872881894565,34493.70227948361
15.780452945428618,123.81125575585418,756.4041761550126,430.12235348261817,24007.789980667636,0.1636839928425793,37499.30815107594
16.370030459764006,183.2974897640226,882.6768980742638,428.2014362250699,21124.853472598214,0.20766091212302343,45394.27876664397
12.43566897352023,110.56591734432227,891.4710648866535,403.94416910679223,15505.773544219957,0.12402636686629893,34827.81887585159
11.804604266996467,143.48559600343228,755.6826472130821,432.1426836209187,8663.341640063143,0.18987546760879004,28024.685971066756
10.466043260582286,162.95828158562858,737.050341650654,448.94167114125383,5185.233188464633,0.22109518492410835,24234.248120363656
12.480170661160738,137.42882957738635,930.1772451553234,394.17369945105855,13156.774644113484,0.14774477691554166,36470.02895148514
14.48232844530817,102.58424065461674,675.5221477987194,415.7611007864493,20002.03220931582,0.15185918180314503,30734.620698687086
16.1944309107037,184.27113236257017,931.6971249822536,410.5819945439386,21474.077882051395,0.19778008048063908,47401.30726418739
14.81991721233659,156.26669658496658,674.5579496677829,428.9407674742234,14050.447809652038,0.23165792747965883,31406.165510134026
18.77690215756696,137.21468235752133,961.2712463761018,397.1729606111009,46378.55325907155,0.1427429384523954,56704.79279322381
10.99541450984965,128.25810992009608,831.3901488695942,418.86594601750465,8616.97548298735,0.15426946072729292,28718.804231385224
13.77849502379015,187.02097677092377,954.7864011410186,405.40578963465595,13354.303897594671,0.19587729417535077,41329.28397111767
12.135389232051587,129.308135245649,605.9672110905993,397.9880243212495,8374.992134801932,0.21339130711862211,23102.166434752915
17.58564651400105,109.54567579362428,868.4907853553282,430.60233135827565,43116.64834318228,0.12613337716508477,47981.45648265356
17.829275045907515,128.99507898942483,622.8773846941314,410.36472364255775,27367.206822562563,0.20709546077478608,34888.807082714906
11.252997492073272,199.82686114445738,701.3029081932627,483.6315152861851,5000.995220729416,0.28493659274743766,24792.694822321075
11.188782157039341,180.18154068956915,908.0811848722648,428.5838349996811,7059.319466429938,0.19842007927398517,31919.594707703847
19.28137186654376,143.2736129831297,958.8368472752948,398.81559851661694,47972.49369015817,0.14942439205404667,58080.79049415599
16.49489155829685,186.1858983028477,993.3160229308653,380.25952976787875,23943.57806400483,0.18743873450615448,51473.86491132391
15.853562346755918,162.59638436528235,793.4405466347749,437.1673544298773,19443.932324360467,0.20492573142991438,39517.65157320789
13.2223522374888,118.15471202030915,898.8726626727673,403.84638380014457,17586.252064171968,0.131447664309848,37338.49144618246
18.781614724172044,113.84867339203917,642.3376155300307,421.843313957062,37379.558116950415,0.17724117448438065,37900.60611175177
14.213408047687949,187.53201461252266,816.7892776168183,451.31788184027477,12506.312645634805,0.2295965676235283,36471.8778638277
10.310274217157984,111.15038676213162,678.0983641865678,410.13785086087654,6686.400202146383,0.16391484279049284,21964.068300828658
16.02852483486822,143.34385625265386,685.6072584834318,425.8653127664159,19695.95241759083,0.2090757565340418,34523.81922948647
16.070124284860725,164.25722520671928,632.9627040867949,422.4200190501969,15992.315373606918,0.25950537708805593,31955.618608977704
16.9034595837568,103.57671401074457,804.8809269440178,437.4663484189526,37531.5331849165,0.12868576027016315,42742.22325121028
14.107600632758052,170.72947227990034,895.188256625097,420.03480604874557,14721.950359989234,0.1907190705601509,39675.04298094559
16.306256832149046,158.42667814825336,972.7848060348083,383.3177898716585,26622.65092948262,0.16285891511198677,49833.44714734042
19.75656377069899,192.61874134158424,867.0207669995411,435.0851696232175,34710.84539002602,0.22216162365772513,53813.44349404333
18.948925811275636,112.51220381497758,679.7068865435887,433.4762947386501,41103.21804814092,0.16553047503626012,40462.8191758107
12.115761175218882,126.31127291910394,846.0606101461901,416.23219188186755,11912.734871000392,0.14929340924792459,32203.42420144789
19.407819265161343,104.25170520252175,611.6429253224202,416.5898338378734,42888.90980473178,0.17044537079794836,37292.763639197954
15.73602436905575,128.40910383725384,992.6087164273447,371.97833583990695,30120.85725210467,0.12936527930102346,49070.78174009051
15.184978187022665,103.71218415016851,697.7429698775005,422.7939356224835,23556.361266512162,0.1486395257674567,33285.83948417056
19.38231876460732,154.90661288562055,740.3493549018564,439.68143745779724,34800.37626739921,0.2092344808028577,45080.87186960235
15.63263251320739,114.66571895620596,628.2212020529057,405.6507191190389,20930.294893685055,0.1825244334025985,30852.799787148386
19.292269522239515,191.9039693462001,970.1185870337486,394.5085919009927,36298.679776450335,0.19781495985245373,58797.38601264441
10.522168567248722,152.98590005925348,812.29734828401,435.61939010767634,6185.565279243266,0.18833731315563004,26851.59964035306
19.35540503183337,123.24653020754059,813.5838537126958,442.6669878873832,47866.80179034982,0.1514859588782635,49471.429256447
12.189552359683837,178.97913979698905,900.2692248755232,427.4644264851208,9110.312188235577,0.19880624023523166,34475.457190468485
11.819771735837303,126.91651732811115,831.6881417329353,418.74360596092487,10821.055676384638,0.15260109043236247,30882.999295252772
18.672895796949952,160.01856923701797,744.978189379108,439.3910976519375,30311.55358166399,0.21479631419865228,43702.38156299186
12.299316450907908,164.96670786983796,608.6945645260369,423.45681844595316,6865.0869647903955,0.2710172186247303,23519.61844732219
13.806879087300077,173.61480225183374,964.8686246799361,392.1825252466817,14627.429010071146,0.1799362087345568,41851.74578081887
11.601993556269854,153.95103451008947,801.6658372016814,435.65295874212444,8132.210745593808,0.19203891118458474,29219.707841952713
19.814035461907054,196.69743078868277,888.0341352629537,430.35316640284094,35119.61776464191,0.22149760124979787,55278.01872080261
11.63981155578779,134.31546664883342,903.9689744977784,402.5284936951893,10613.6643139058,0.1485841554722114,33055.92748494625
17.634791141523227,196.94072176621268,748.5774271087292,456.11824865726254,20845.492638677362,0.2630866422553875,41472.18529272781
18.17853973205036,136.64855668274393,637.2535429803589,416.4295825224951,28014.58485234961,0.2144335770086972,36393.273829294674
12.824168330858805,173.9911125289047,952.414681226227,400.10000928375456,11544.806179177896,0.18268419834193694,38371.18079887126
17.352537593823016,165.97424476579846,603.7940474817553,413.0616647322012,19008.029965239883,0.27488552670902844,32915.59377393682
19.550929909306447,127.84810384819326,755.1442437843,443.13819474573353,44140.56433262186,0.16930289133570076,46381.75822512322
13.96324483064055,156.20620357294362,729.2155194850061,436.2855940444462,12709.155235595474,0.214211298853405,31988.371316223307
19.83934643303744,181.39817018556494,774.7447816480263,445.8356438495834,33350.92172715821,0.23413926041514893,48287.630348459636
14.275212600240703,159.39410274326804,662.7124010217386,428.9816794512746,12094.853234390928,0.24051776079264814,29720.59878761957
15.527311297347648,191.49028392162342,963.8509171527792,400.10596069139586,18843.080428933205,0.19867209805359395,47017.11723218026
18.16043505524354,199.0858620996717,679.8793055536167,451.6256718128686,20453.618305931803,0.29282530071651275,38788.94281901596
17.064135742076925,130.02229620355374,695.2930744438004,427.33942122794093,26570.69802478534,0.1870035830682839,37273.662923508615
10.829136284548913,194.56392945531888,942.6847017082409,428.05985598944875,6152.98120449401,0.2063934304892709,32070.826421845915
14.222556456181472,112.19334912113902,665.210519193768,412.77537485526915,17057.87764265969,0.16865841096006243,29722.589762783617
18.89707774675653,106.12743049885916,799.035142179763,447.8754972938406,50806.83956032983,0.13281947801362548,47436.255861193385
16.533499815909153,132.46498295226158,871.6195172459345,420.16753371254896,29738.58107645929,0.1519756961969055,45273.24394696206
18.72086279767063,176.48098039463684,858.3063216197372,431.9242796802179,31909.64588907154,0.20561537990492015,50479.848672179585
11.157925573973372,140.96922118425204,932.2310434616654,394.14916633868796,9186.490732277798,0.15121704235549724,32678.107253906866
19.699556487026975,129.4500854638497,991.9567345582515,390.20216503228943,58581.39841593055,0.13049972942771315,61390.200472234625
15.571137314200653,172.88079261818064,890.7246542261057,421.2974824428938,19451.707568237067,0.19409004993623513,43572.620588008846
18.515147031072964,138.44124200099623,766.8725503921586,438.017049026243,35159.217551775975,0.18052705358954496,44606.713900197334
14.380286336875383,124.06329476994117,798.9053592768257,425.838859024142,19149.375928456335,0.15529160410470152,36092.14894391202
17.108057783408082,130.4822600870704,858.4690121341298,425.12933650910094,32943.92025398977,0.15199414101470612,46139.74652479342
19.227728544140714,199.29433534213751,696.6538874983981,451.85965425791545,24848.836396955267,0.28607367147232887,42081.85928069256
19.610698242161604,189.526389775034,998.1044787603271,378.9472498556665,39717.82753349685,0.18988632333403707,61492.044691999
10.152905961570145,118.08998472311941,897.8618957913802,398.9529506812216,7957.333599476929,0.1315235508675132,28638.467701199494
19.189238026394456,109.07754551830882,969.1212151409921,408.7427166510019,62779.222657429375,0.11255304683680847,58423.248792943494
18.710956603708233,165.44758033987176,670.2963622040858,431.59305635758136,26539.602687406124,0.24682750745631793,39401.49737473914
15.242521411054591,158.27631696643863,609.6271910968848,412.61515432055836,13640.140221746355,0.2596280469079087,29192.481655093892
14.312280412310628,173.55619809795274,850.3835349697213,434.44487520379727,14364.854269325902,0.20409167271110484,38236.096768515614
11.224085899038846,151.19786357185106,884.6829018751406,416.3780498269934,8273.607695686436,0.170906279810967,31195.251278887816
12.329519541535255,148.37068662627064,943.888802944614,391.80746702485334,11923.704032710615,0.15719085358720672,36560.89850197862
13.050423063803436,133.1795630384499,694.3097926241567,422.23246567713903,11587.492794689071,0.19181576358745467,28466.08579997127
10.856342606332301,139.3541806865676,734.5416274662275,430.4602815117947,6744.457647728843,0.189715838389261,25052.428191884283
16.588702560926492,153.52039443495516,789.5022403379853,434.85752171722817,23476.02427102907,0.19445213273775283,41144.866699458704
17.652358253987348,178.2441296281039,796.3932694201324,442.96685821072737,24576.52886390437,0.22381420897477766,44165.19848444572
19.133606953225176,108.46419821652542,628.9982062686173,420.41236126249856,40621.27416410382,0.17243959861183636,37809.08157555126
11.706201229615402,160.36135509420535,708.5903736205956,441.6256347510334,7088.322794701414,0.2263103777078243,26059.201623984798
19.091342513005753,183.8368564618837,967.7492831657723,393.5657141371377,36630.23298563171,0.18996330936097738,58042.91300260088
13.44862766638982,148.89502260418845,989.1026230588129,369.92971961630013,16158.278293617515,0.1505354643017007,41789.69450445198
16.748966262033107,152.25480880503778,847.2201185585498,427.027093170583,26145.037269328026,0.1797110402242127,44579.39196415522
11.200060068918097,134.61457281473977,696.4201917203509,423.90198598332546,7268.425322843035,0.19329504574272102,24504.25927384402
12.288638095666244,106.8358461544201,721.6976254022132,418.1365298830869,12535.727566057933,0.14803408296497972,27861.782866363028
18.73977369759999,173.09765846571298,717.2705257576172,441.28272318063244,27269.979912608433,0.24132827468810117,42227.67785759333
17.95519566600078,119.56079517142409,885.3336306481247,425.008916686375,42863.59508052207,0.1350460335318985,49939.8204641356
18.486832621513365,155.03907863031583,884.9258644472727,421.53713484467215,36062.284684756254,0.17520007591500752,51394.81068155976
14.617323393856696,172.53789585629806,700.5966991329835,443.0766126308044,12681.982676837184,0.24627277871822778,32172.57447662911
11.868042449932934,198.66711765716664,722.5348819628382,479.54664589088856,6079.531327272688,0.2749585142761102,26939.39152659882
16.828597541102123,136.42356548993948,658.4977901844171,419.56236630830136,23004.282859417788,0.20717391542306174,34813.85522006753
16.14902320820879,198.22570916529753,913.3452409644366,426.2705077303419,19405.00531261993,0.21703261841708765,46337.34022613851
14.251257490058055,128.11158094669034,831.9078007319653,422.19474574040015,18795.17470286163,0.15399733099505694,37245.88142189746
11.347511577061816,189.8614321532079,759.7601009745749,471.4204781263881,5847.11497516345,0.24989655538592376,27084.884622844213
16.58002998154799,151.54166682759205,915.8345493321171,407.4098488262454,27544.880833888157,0.16546838830016355,47703.715609060586
10.683585405945252,107.6440072459761,858.0642694506828,408.21386343046373,9720.330680414148,0.12544981894524967,28799.617304921805
17.333150689446523,114.39096507449564,677.0263371567331,425.280745950415,30820.97531279645,0.1689608790625436,36866.58829027367
13.996009676871841,191.3446371886759,851.7900784580488,447.318666185449,12204.752720560084,0.22463825539627924,37453.006325662034
14.34577588220749,196.57713877743078,720.8319266712132,465.46364905317756,10826.127304764424,0.27270870157655186,32486.874324708417
19.92732200051657,190.75957666328432,657.4492665944513,439.41758268165023,27272.359358581332,0.290151022072635,41158.64383447555
15.17720016935731,192.29214850626363,737.5061353113203,459.00647594379546,13408.46527662713,0.260732947564012,35164.720693865216
11.695205256727672,100.96335410246702,631.9634294661032,396.5688837623804,10012.711947555568,0.15976138712292753,23219.329160527926
13.192350847641432,133.96520807491143,627.8936013130731,407.21001987597396,10761.197761163992,0.21335654288363298,26023.045601318074
15.060268265241842,155.1824259909419,687.5033040339432,430.47689830368637,15133.186226285845,0.22571880757576734,32528.00067294474
10.402165698112002,154.95146762960204,990.695944612647,372.66838634473646,7196.411577171514,0.15640668408124617,32375.316694870307
18.536805249728047,196.39166129540462,730.6359154512971,453.8108631140307,23696.41430967896,0.26879552064464,42548.64916560404
18.506534235659494,129.46952056675065,834.095047481366,434.8035474455432,40834.1281743499,0.15522154334532606,48494.279386268056
14.151244417574425,141.89972183654663,980.8986201624627,373.7420540995469,19589.640934669635,0.14466298445097647,43608.24694827643
19.47273666232887,111.68445227917596,733.137023262771,446.0262902945248,48470.0430441889,0.15233776052139986,44849.955376995764
17.046478750959043,113.246275114203,977.8955508539661,389.50828463460874,42773.28332161047,0.11580610527914613,52369.33080571845
18.56148013146122,149.61826020672902,937.1999337934365,404.1733245487007,40057.64960437112,0.15964390821191163,54650.57387589079
17.941239450477553,104.11527896553389,625.4728531263818,414.4416357004421,34693.756456281844,0.1664585096621237,35254.19320854647
16.446039439889486,156.72038793532195,784.4316913084201,435.9409174350663,22264.534283918485,0.19978844515309516,40529.04133083894
13.633683721791481,115.23904795171023,833.0791210598496,419.82548789045467,18320.032219346245,0.1383290554744695,35682.012230056855
18.99760171899531,101.64198056251617,836.3973341437088,448.0753886818922,56420.36047017248,0.12152355873608292,49918.472917668245
18.38871086933588,197.56218965129153,823.6451325559987,448.0529099482166,25923.29238755634,0.23986323944901053,47581.8466812023
17.86952872663263,161.205047128758,644.735015365063,423.6668411755076,22821.380886142622,0.2500330264170315,36194.6372959327
17.709615961034892,101.58508084226138,621.246913802939,412.4008958925269,33967.35609369464,0.16351804505621156,34563.94142303097
13.61797346155719,123.01408747765207,743.0046657333303,424.8378612632262,15253.662817939436,0.16556300808183982,31787.318770009708
